label,path,valid_samples,total_samples,plan_L2_1s,plan_L2_2s,plan_L2_3s,plan_obj_col_1s,plan_obj_col_2s,plan_obj_col_3s,plan_obj_box_col_1s,plan_obj_box_col_2s,plan_obj_box_col_3s,plan_L2_stp3_1s,plan_L2_stp3_2s,plan_L2_stp3_3s,L2_avg,CR_avg_percent
raw6epoch,/data3_server8/wanghongxuan/SSR/test/SSR_e2e/results_raw6epoch.pkl,5119,6019,0.19356332891752143,0.36910499908928235,0.6370737465572849,0.0,0.0,3.255844337443258e-05,0.000586051963274077,0.0016604805626098847,0.0043302729280462115,0.2571565532960637,0.6610527155497863,1.3731186452542423,0.39991402485469624,0.0010852814458144195
latest_results,/data3_server8/wanghongxuan/SSR/test/SSR_e2e/results.pkl,5119,6019,0.18561802044258283,0.3552527715175748,0.6150736745784176,0.0,0.0,6.511688674886516e-05,0.0009767532721234617,0.0010255909357296347,0.0023767663605116754,0.24663631913566517,0.6393816320080694,1.3278208548708985,0.38531482217952506,0.002170562891628839
