label,path,valid_samples,skipped_samples,total_samples,plan_L2_1s,plan_L2_2s,plan_L2_3s,plan_L2_stp3_1s,plan_L2_stp3_2s,plan_L2_stp3_3s,L2_avg,collision_metrics
Thu_Apr__2_18_45_09_2026,/data3_server8/wanghongxuan/SSR/test/SSR_e2e/Thu_Apr__2_18_45_09_2026/pts_bbox/results_nusc.pkl,5119,900,6019,0.18561802029624497,0.3552527725365727,0.6150736577332439,0.24663631901395103,0.6393816344462373,1.3278208616164375,0.3853148168553539,not_available_in_results_nusc
Thu_Apr__2_19_32_06_2026,/data3_server8/wanghongxuan/SSR/test/SSR_e2e/Thu_Apr__2_19_32_06_2026/pts_bbox/results_nusc.pkl,5119,900,6019,0.18561802029624497,0.3552527725365727,0.6150736577332439,0.24663631901395103,0.6393816344462373,1.3278208616164375,0.3853148168553539,not_available_in_results_nusc
Thu_Apr__2_20_24_48_2026,/data3_server8/wanghongxuan/SSR/test/SSR_e2e/Thu_Apr__2_20_24_48_2026/pts_bbox/results_nusc.pkl,5119,900,6019,0.18561802029624497,0.3552527725365727,0.6150736577332439,0.24663631901395103,0.6393816344462373,1.3278208616164375,0.3853148168553539,not_available_in_results_nusc
